"feature_set","num_features","accuracy","resample","problem","classifier"
"quantiles",101,0.857142857142857,1,"Chinatown","svm"
"FFT coefficients",50,0.944606413994169,1,"Chinatown","svm"
"FFT + quantiles",151,0.944606413994169,1,"Chinatown","svm"
"quantiles",101,0.877551020408163,2,"Chinatown","svm"
"FFT coefficients",50,0.900874635568513,2,"Chinatown","svm"
"FFT + quantiles",151,0.93002915451895,2,"Chinatown","svm"
"quantiles",101,0.889212827988338,3,"Chinatown","svm"
"FFT coefficients",50,0.903790087463557,3,"Chinatown","svm"
"FFT + quantiles",151,0.938775510204082,3,"Chinatown","svm"
"quantiles",101,0.900874635568513,4,"Chinatown","svm"
"FFT coefficients",50,0.883381924198251,4,"Chinatown","svm"
"FFT + quantiles",151,0.932944606413994,4,"Chinatown","svm"
"quantiles",101,0.880466472303207,5,"Chinatown","svm"
"FFT coefficients",50,0.935860058309038,5,"Chinatown","svm"
"FFT + quantiles",151,0.9533527696793,5,"Chinatown","svm"
"quantiles",101,0.746355685131195,6,"Chinatown","svm"
"FFT coefficients",50,0.947521865889213,6,"Chinatown","svm"
"FFT + quantiles",151,0.87463556851312,6,"Chinatown","svm"
"quantiles",101,0.912536443148688,7,"Chinatown","svm"
"FFT coefficients",50,0.921282798833819,7,"Chinatown","svm"
"FFT + quantiles",151,0.962099125364432,7,"Chinatown","svm"
"quantiles",101,0.85131195335277,8,"Chinatown","svm"
"FFT coefficients",50,0.924198250728863,8,"Chinatown","svm"
"FFT + quantiles",151,0.944606413994169,8,"Chinatown","svm"
"quantiles",101,0.9067055393586,9,"Chinatown","svm"
"FFT coefficients",50,0.915451895043732,9,"Chinatown","svm"
"FFT + quantiles",151,0.941690962099125,9,"Chinatown","svm"
"quantiles",101,0.892128279883382,10,"Chinatown","svm"
"FFT coefficients",50,0.924198250728863,10,"Chinatown","svm"
"FFT + quantiles",151,0.962099125364432,10,"Chinatown","svm"
"quantiles",101,0.868804664723032,11,"Chinatown","svm"
"FFT coefficients",50,0.9067055393586,11,"Chinatown","svm"
"FFT + quantiles",151,0.927113702623907,11,"Chinatown","svm"
"quantiles",101,0.87463556851312,12,"Chinatown","svm"
"FFT coefficients",50,0.924198250728863,12,"Chinatown","svm"
"FFT + quantiles",151,0.959183673469388,12,"Chinatown","svm"
"quantiles",101,0.892128279883382,13,"Chinatown","svm"
"FFT coefficients",50,0.909620991253644,13,"Chinatown","svm"
"FFT + quantiles",151,0.938775510204082,13,"Chinatown","svm"
"quantiles",101,0.87463556851312,14,"Chinatown","svm"
"FFT coefficients",50,0.93002915451895,14,"Chinatown","svm"
"FFT + quantiles",151,0.941690962099125,14,"Chinatown","svm"
"quantiles",101,0.857142857142857,15,"Chinatown","svm"
"FFT coefficients",50,0.938775510204082,15,"Chinatown","svm"
"FFT + quantiles",151,0.947521865889213,15,"Chinatown","svm"
"quantiles",101,0.903790087463557,16,"Chinatown","svm"
"FFT coefficients",50,0.9067055393586,16,"Chinatown","svm"
"FFT + quantiles",151,0.965014577259475,16,"Chinatown","svm"
"quantiles",101,0.897959183673469,17,"Chinatown","svm"
"FFT coefficients",50,0.918367346938776,17,"Chinatown","svm"
"FFT + quantiles",151,0.950437317784257,17,"Chinatown","svm"
"quantiles",101,0.865889212827988,18,"Chinatown","svm"
"FFT coefficients",50,0.927113702623907,18,"Chinatown","svm"
"FFT + quantiles",151,0.947521865889213,18,"Chinatown","svm"
"quantiles",101,0.854227405247813,19,"Chinatown","svm"
"FFT coefficients",50,0.87463556851312,19,"Chinatown","svm"
"FFT + quantiles",151,0.889212827988338,19,"Chinatown","svm"
"quantiles",101,0.857142857142857,20,"Chinatown","svm"
"FFT coefficients",50,0.915451895043732,20,"Chinatown","svm"
"FFT + quantiles",151,0.932944606413994,20,"Chinatown","svm"
"quantiles",101,0.912536443148688,21,"Chinatown","svm"
"FFT coefficients",50,0.932944606413994,21,"Chinatown","svm"
"FFT + quantiles",151,0.956268221574344,21,"Chinatown","svm"
"quantiles",101,0.903790087463557,22,"Chinatown","svm"
"FFT coefficients",50,0.927113702623907,22,"Chinatown","svm"
"FFT + quantiles",151,0.959183673469388,22,"Chinatown","svm"
"quantiles",101,0.845481049562682,23,"Chinatown","svm"
"FFT coefficients",50,0.941690962099125,23,"Chinatown","svm"
"FFT + quantiles",151,0.938775510204082,23,"Chinatown","svm"
"quantiles",101,0.880466472303207,24,"Chinatown","svm"
"FFT coefficients",50,0.956268221574344,24,"Chinatown","svm"
"FFT + quantiles",151,0.956268221574344,24,"Chinatown","svm"
"quantiles",101,0.900874635568513,25,"Chinatown","svm"
"FFT coefficients",50,0.944606413994169,25,"Chinatown","svm"
"FFT + quantiles",151,0.944606413994169,25,"Chinatown","svm"
"quantiles",101,0.845481049562682,26,"Chinatown","svm"
"FFT coefficients",50,0.918367346938776,26,"Chinatown","svm"
"FFT + quantiles",151,0.903790087463557,26,"Chinatown","svm"
"quantiles",101,0.883381924198251,27,"Chinatown","svm"
"FFT coefficients",50,0.932944606413994,27,"Chinatown","svm"
"FFT + quantiles",151,0.950437317784257,27,"Chinatown","svm"
"quantiles",101,0.825072886297376,28,"Chinatown","svm"
"FFT coefficients",50,0.915451895043732,28,"Chinatown","svm"
"FFT + quantiles",151,0.886297376093295,28,"Chinatown","svm"
"quantiles",101,0.801749271137026,29,"Chinatown","svm"
"FFT coefficients",50,0.909620991253644,29,"Chinatown","svm"
"FFT + quantiles",151,0.897959183673469,29,"Chinatown","svm"
"quantiles",101,0.895043731778426,30,"Chinatown","svm"
"FFT coefficients",50,0.880466472303207,30,"Chinatown","svm"
"FFT + quantiles",151,0.950437317784257,30,"Chinatown","svm"
